{
  "app lebels start" :"----------------------------------------------------",		
  "label.systemid": "identification système :",
  "label.loanofficer" : "prêt fonctionnaire :",

  "label.change.language" : "Changer de langue:",
  "label.username" : "Nom d'utilisateur",
  "label.password" : "mot de passe",
  "label.signin":"Connexion",
  "label.systemid": "Système id :",
  "label.loanofficer" : "Agent de crédit :",
  "label.product.name" : "Billing X",
  "label.product.version" : "Version 1.6.3",
  "label.product.status" : "BillingX est jusqu'à date",
  "label.product.aboutus1" : "BillingX est conçu par ",
  "label.product.aboutus2" : "communauté mondiale",
  "label.product.aboutus3" : "travailler ensemble pour les plus pauvres, en particulier les femmes, d'accéder aux services financiers.",
  "label.get.involved1" : "Ça vous intéresse?",
  "label.get.involved2" : "impliquez-vous!",
  "label.community.name" : "COSM",
  "label.resources" : "Ressources",
  "label.usermanual" : "Mode d'emploi",
  "label.functional.spec" : "Spécification fonctionnelle",
  "label.faq" : "FAQ",
  "label.community" : "Communauté",
  "label.users.group" : "Groupe d'utilisateurs",
  "label.developer.group" : "Groupe Developer",
  "label.product.irc" : "IRC",
  "label.product.news" : "Actualités et Evénements à venir",
  "error.login.failed":"Veuillez essayer à nouveau, vos informations d'identification ne sont pas valides",

  "link.home" : "Maison",
  "link.tasks" : "Tâches",
  "link.clients" : "Clients",
  "link.accounting": "Comptabilité",
  "link.reports" : "Rapports",
  "link.products" : "Produits",
  "link.admin" : "Admin",
  "link.clients.clients" : "Clients",
  "link.clients.groups" : "Groupes",
  "link.clients.centers" : "Centers",
  "link.reports.all" : "Tous",
  "link.reports.clients" : "Clients",
  "link.reports.loans" : "Prêt",
  "link.reports.funds" : "Fonds",
  "link.reports.accounting" : "Comptabilité",
  "link.products.loanproducts" : "Produits de prêt",
  "link.products.savingproducts" : "Produits d'épargne",
  "link.products.productsmix" : "Mix produits",
  "link.products.charges" : "Charges / Pénalités",
  "link.admin.users" : "Utilisateurs",
  "link.admin.organisation" : "Organisation",
  "link.admin.system" : "Système",
  "link.profile" : "Profil",
  "link.settings" : "Réglages",
  "link.logout" : "Déconnexion",
  "app lebels end" :"-----------------------------------------------------",		
  "app erros start" :"----------------------------------------------------",		




  "app erros end" :"------------------------------------------------------"

}
